{
    "parent": "block/cube",
    "render_type": "cutout",
    "textures": {
        "particle": "#all",
        "down": "#all",
        "up": "#all",
        "north": "#all",
        "east": "#all",
        "south": "#all",
        "west": "#all",
        "down_overlay": "#all_overlay",
        "up_overlay": "#all_overlay",
        "north_overlay": "#all_overlay",
        "east_overlay": "#all_overlay",
        "south_overlay": "#all_overlay",
        "west_overlay": "#all_overlay"
    },
    "elements": [
        {   "from": [ 0, 0, 0 ],
            "to": [ 16, 16, 16 ],
            "faces": {
                "down":  { "uv": [16, 0, 0, 16], "texture": "#all", "cullface": "down" },
                "up":    { "uv": [16, 0, 0, 16], "texture": "#all", "cullface": "up" },
                "north": { "uv": [16, 0, 0, 16], "texture": "#all", "cullface": "north" },
                "south": { "uv": [16, 0, 0, 16], "texture": "#all", "cullface": "south" },
                "west":  { "uv": [16, 0, 0, 16], "texture": "#all", "cullface": "west" },
                "east":  { "uv": [16, 0, 0, 16], "texture": "#all", "cullface": "east" }
            }
        },
        {   "from": [ 0, 0, 0 ],
            "to": [ 16, 16, 16 ],
            "faces": {
                "down":  { "uv": [16, 0, 0, 16], "texture": "#all_overlay", "cullface": "down", "tintindex": -1 },
                "up":    { "uv": [16, 0, 0, 16], "texture": "#all_overlay", "cullface": "up", "tintindex": -1 },
                "north": { "uv": [16, 0, 0, 16], "texture": "#all_overlay", "cullface": "north", "tintindex": -1 },
                "south": { "uv": [16, 0, 0, 16], "texture": "#all_overlay", "cullface": "south", "tintindex": -1 },
                "west":  { "uv": [16, 0, 0, 16], "texture": "#all_overlay", "cullface": "west", "tintindex": -1 },
                "east":  { "uv": [16, 0, 0, 16], "texture": "#all_overlay", "cullface": "east", "tintindex": -1 }
            }
        }
    ],
    "ctm_version": 1,
    "ctm_overrides": {
        "-1": {
			"extra": { 
			"	light": 15 
			}
		}
    }
}
