{
	"credit": "Made with Blockbench",
	"ambientocclusion": false,
    "render_type": "cutout",
	"textures": {
		"slab": "block/smooth_stone",
		"particle": "block/repeater_on",
		"top": "block/repeater_on",
		"lit": "block/redstone_torch",
		"lock": "block/bedrock",
		"repeater_overlay": "block/repeater_on_glow",
		"torch_overlay": "block/redstone_torch_glow"
	},
	"elements": [
		{
			"from": [7, 7, 2],
			"to": [9, 7, 4],
			"faces": {
				"up": {"uv": [7, 6, 9, 8], "texture": "#lit"}
			}
		},
		{
			"from": [7, 2, 1],
			"to": [9, 8, 5],
			"faces": {
				"east": {"uv": [6, 5, 10, 11], "texture": "#lit"},
				"west": {"uv": [6, 5, 10, 11], "texture": "#lit"}
			}
		},
		{
			"from": [6, 2, 2],
			"to": [10, 8, 4],
			"faces": {
				"north": {"uv": [6, 5, 10, 11], "texture": "#lit"},
				"south": {"uv": [6, 5, 10, 11], "texture": "#lit"}
			}
		},
		{
			"from": [0, 0.01, 0],
			"to": [16, 2.01, 16],
			"faces": {
				"up": {"uv": [0, 0, 16, 16], "texture": "#repeater_overlay", "tintindex": -1}
			}
		},
		{
			"from": [7, 7, 2],
			"to": [9, 7, 4],
			"faces": {
				"up": {"uv": [7, 6, 9, 8], "texture": "#torch_overlay"}
			}
		},
		{
			"from": [7, 2, 1],
			"to": [9, 8, 5],
			"faces": {
				"east": {"uv": [6, 5, 10, 11], "texture": "#torch_overlay"},
				"west": {"uv": [6, 5, 10, 11], "texture": "#torch_overlay"}
			}
		},
		{
			"from": [6, 2, 2],
			"to": [10, 8, 4],
			"faces": {
				"north": {"uv": [6, 5, 10, 11], "texture": "#torch_overlay"},
				"south": {"uv": [6, 5, 10, 11], "texture": "#torch_overlay"}
			}
		},
		{
			"from": [2, 2, 12],
			"to": [14, 4, 14],
			"faces": {
				"north": {"uv": [2, 7, 14, 9], "texture": "#lock"},
				"east": {"uv": [6, 7, 8, 9], "texture": "#lock"},
				"south": {"uv": [2, 7, 14, 9], "texture": "#lock"},
				"west": {"uv": [6, 7, 8, 9], "texture": "#lock"},
				"up": {"uv": [7, 2, 9, 14], "rotation": 90, "texture": "#lock"},
				"down": {"uv": [7, 2, 9, 14], "rotation": 90, "texture": "#lock"}
			}
		},
		{
			"from": [0, 0, 0],
			"to": [16, 2, 16],
			"faces": {
				"north": {"uv": [0, 14, 16, 16], "texture": "#slab", "cullface": "north"},
				"east": {"uv": [0, 14, 16, 16], "texture": "#slab", "cullface": "east"},
				"south": {"uv": [0, 14, 16, 16], "texture": "#slab", "cullface": "south"},
				"west": {"uv": [0, 14, 16, 16], "texture": "#slab", "cullface": "west"},
				"up": {"uv": [0, 0, 16, 16], "texture": "#top"},
				"down": {"uv": [0, 0, 16, 16], "texture": "#slab", "cullface": "down"}
			}
		}
	],
	"groups": [
		{
			"name": "cutout",
			"origin": [0, 0, 0],
			"color": 0,
			"children": [0, 1, 2]
		},
		{
			"name": "overlay",
			"origin": [0, 0, 0],
			"color": 0,
			"children": [3, 4, 5, 6]
		},
		{
			"name": "solid",
			"origin": [0, 0, 0],
			"color": 0,
			"children": [7, 8]
		}
	],
    "ctm_version": 1,
    "ctm_overrides": {
        "-1": {
			"extra": { 
			"	light": 15 
			}
		}
    }
}